id_bdq;foco_id;lat;lon;data_pas;pais;estado;municipio;bioma
 1521252386 ;4acf64a1-287e-3ae1-ba82-bcea82941ccf;  -18.499000 ;  -39.779000 ;2020-12-04 16:35:00;Brasil;ESPÍRITO SANTO;CONCEIÇÃO DA BARRA;Mata Atlântica
 1521607288 ;47fa77fa-09f0-35e2-8b7f-83fe714c8d03;  -18.153000 ;  -40.136000 ;2020-12-08 16:10:00;Brasil;ESPÍRITO SANTO;MONTANHA;Mata Atlântica
 1521607230 ;4b743370-aba6-32d9-818e-4bf301f3b464;  -18.423000 ;  -39.944000 ;2020-12-08 16:10:00;Brasil;ESPÍRITO SANTO;CONCEIÇÃO DA BARRA;Mata Atlântica
 1521606971 ;1a42ec79-2903-3abf-a3be-c4b5857fe921;  -20.129000 ;  -40.989000 ;2020-12-08 16:10:00;Brasil;ESPÍRITO SANTO;SANTA MARIA DE JETIBÁ;Mata Atlântica
 1521607096 ;7ac96159-f702-332e-a939-fb2897833cf4;  -18.971000 ;  -40.019000 ;2020-12-08 16:10:00;Brasil;ESPÍRITO SANTO;JAGUARÉ;Mata Atlântica
 1522047489 ;e9898f38-56d7-322b-ab1f-d20de6aa3845;  -19.543000 ;  -40.636000 ;2020-12-13 16:30:00;Brasil;ESPÍRITO SANTO;COLATINA;Mata Atlântica
 1522727000 ;546c8089-c03a-317a-b406-b7d10a6d3328;  -18.484000 ;  -39.782000 ;2020-12-20 16:35:00;Brasil;ESPÍRITO SANTO;CONCEIÇÃO DA BARRA;Mata Atlântica
 1523085350 ;62a494ca-6450-3278-9a7e-99c252856ef6;  -18.599000 ;  -39.801000 ;2020-12-24 16:10:00;Brasil;ESPÍRITO SANTO;CONCEIÇÃO DA BARRA;Mata Atlântica
 1522899820 ;3935febd-b0da-36c1-8f9c-87c3f20c7510;  -18.447000 ;  -39.733000 ;2020-12-22 16:25:00;Brasil;ESPÍRITO SANTO;CONCEIÇÃO DA BARRA;Mata Atlântica
 1522899826 ;b9c607b5-b5d4-35b4-ae1e-a989de4ee651;  -18.314000 ;  -39.838000 ;2020-12-22 16:25:00;Brasil;ESPÍRITO SANTO;CONCEIÇÃO DA BARRA;Mata Atlântica
 1523085338 ;ae040bea-dfe1-3dd4-875e-6ff2c69f5435;  -18.589000 ;  -39.803000 ;2020-12-24 16:10:00;Brasil;ESPÍRITO SANTO;CONCEIÇÃO DA BARRA;Mata Atlântica
 1523085282 ;a38f7cb7-d49d-3973-b70c-f9cc34fb5487;  -18.835000 ;  -39.910000 ;2020-12-24 16:10:00;Brasil;ESPÍRITO SANTO;SÃO MATEUS;Mata Atlântica
 1523085272 ;06bc9c4f-95e2-39f2-b5ef-d4a1aee1dab2;  -18.828000 ;  -39.917000 ;2020-12-24 16:10:00;Brasil;ESPÍRITO SANTO;SÃO MATEUS;Mata Atlântica
 1420639611 ;7ad607d3-f3c9-3bac-88d4-2239d038da1a;  -19.837000 ;  -40.511000 ;2020-05-01 16:40:00;Brasil;ESPÍRITO SANTO;IBIRAÇU;Mata Atlântica
 1509003358 ;57018123-897c-3916-b8cf-52d002881984;  -20.131000 ;  -40.266000 ;2020-08-26 16:56:04;Brasil;ESPÍRITO SANTO;SERRA;Mata Atlântica
 1418911401 ;97b1dafc-2a51-3ca2-b6b4-44975bca4a41;  -18.920000 ;  -40.080000 ;2020-04-03 16:15:00;Brasil;ESPÍRITO SANTO;JAGUARÉ;Mata Atlântica
 1510900107 ;3508bc4a-5700-32d9-a85f-fa06f835a889;  -18.451000 ;  -39.739000 ;2020-09-08 16:30:00;Brasil;ESPÍRITO SANTO;CONCEIÇÃO DA BARRA;Mata Atlântica
 1510900066 ;ed0896dc-fc16-330f-b93d-4c3377fa323c;  -20.131000 ;  -41.234000 ;2020-09-08 16:30:00;Brasil;ESPÍRITO SANTO;BREJETUBA;Mata Atlântica
 1510900069 ;4958ee56-b7c1-3d2d-8700-3bc842e836c8;  -20.273000 ;  -41.519000 ;2020-09-08 16:30:00;Brasil;ESPÍRITO SANTO;IBATIBA;Mata Atlântica
 1510900070 ;a01af613-e2fa-3d22-a6d3-73f5dedf81a8;  -20.280000 ;  -41.512000 ;2020-09-08 16:30:00;Brasil;ESPÍRITO SANTO;IBATIBA;Mata Atlântica
 1510900448 ;64a1ee6b-89fe-3818-ab00-a00f40103323;  -20.337000 ;  -40.996000 ;2020-09-08 16:30:00;Brasil;ESPÍRITO SANTO;DOMINGOS MARTINS;Mata Atlântica
 1514491717 ;be3faa68-c416-3895-9632-c13e548c281e;  -20.800000 ;  -41.176000 ;2020-10-01 16:35:00;Brasil;ESPÍRITO SANTO;CACHOEIRO DE ITAPEMIRIM;Mata Atlântica
 1523576630 ;33337eb9-4d8f-3622-a6a9-eb57a37c423c;  -18.657000 ;  -40.358000 ;2020-12-29 16:30:00;Brasil;ESPÍRITO SANTO;NOVA VENÉCIA;Mata Atlântica
 1523576620 ;0a11b3de-6744-3535-b943-ba7f1206a78d;  -20.331000 ;  -40.984000 ;2020-12-29 16:30:00;Brasil;ESPÍRITO SANTO;DOMINGOS MARTINS;Mata Atlântica
 1523575977 ;bd59b901-584b-3003-bdbe-ad7c181a90a5;  -20.836000 ;  -41.117000 ;2020-12-29 16:30:00;Brasil;ESPÍRITO SANTO;CACHOEIRO DE ITAPEMIRIM;Mata Atlântica
 1523801318 ;0f284a4b-3120-35e2-9a79-1d6540f3eb46;  -18.641000 ;  -39.809000 ;2020-12-31 16:15:00;Brasil;ESPÍRITO SANTO;CONCEIÇÃO DA BARRA;Mata Atlântica
 1523801236 ;b5b1b658-f84c-3bc5-b4a2-c54c46002f46;  -19.685000 ;  -40.151000 ;2020-12-31 16:15:00;Brasil;ESPÍRITO SANTO;ARACRUZ;Mata Atlântica
 1523801336 ;9119f240-c59c-3bf0-9be0-f485c19e6f9e;  -18.642000 ;  -39.819000 ;2020-12-31 16:15:00;Brasil;ESPÍRITO SANTO;CONCEIÇÃO DA BARRA;Mata Atlântica
 1523801366 ;e51f9614-4b49-3321-b19b-77e278150d7f;  -18.485000 ;  -39.803000 ;2020-12-31 16:15:00;Brasil;ESPÍRITO SANTO;CONCEIÇÃO DA BARRA;Mata Atlântica
 1523801312 ;34615c07-1826-3b1e-847c-c0f556555de1;  -18.464000 ;  -39.786000 ;2020-12-31 16:15:00;Brasil;ESPÍRITO SANTO;CONCEIÇÃO DA BARRA;Mata Atlântica
 1523801261 ;75351a94-63cd-358e-a24e-c5e4ea7a0f7a;  -18.566000 ;  -39.796000 ;2020-12-31 16:15:00;Brasil;ESPÍRITO SANTO;CONCEIÇÃO DA BARRA;Mata Atlântica
 1502000321 ;6aa1c743-8f68-375e-94e4-9b7189a795c7;  -19.053000 ;  -40.226000 ;2020-06-22 16:15:00;Brasil;ESPÍRITO SANTO;SOORETAMA;Mata Atlântica
 1502000320 ;01006918-9ffc-347a-9864-851515be001c;  -18.930000 ;  -40.131000 ;2020-06-22 16:15:00;Brasil;ESPÍRITO SANTO;JAGUARÉ;Mata Atlântica
 1502000319 ;90d90e56-68d5-3fab-936d-f5a9f164c65c;  -18.579000 ;  -40.544000 ;2020-06-22 16:15:00;Brasil;ESPÍRITO SANTO;NOVA VENÉCIA;Mata Atlântica
 1502000318 ;e565fbbc-6b5a-32c7-9ce4-4f973151dcd6;  -18.560000 ;  -40.103000 ;2020-06-22 16:15:00;Brasil;ESPÍRITO SANTO;SÃO MATEUS;Mata Atlântica
 1412800488 ;2379eab1-0ee8-3687-a344-de5327cd7151;  -19.119000 ;  -39.743000 ;2020-01-12 16:30:00;Brasil;ESPÍRITO SANTO;SÃO MATEUS;Mata Atlântica
 1412800482 ;7caed467-56d5-3e73-8a95-2856948f4c40;  -19.112000 ;  -39.764000 ;2020-01-12 16:30:00;Brasil;ESPÍRITO SANTO;SÃO MATEUS;Mata Atlântica
 1412800481 ;3c44bb58-3836-367b-acf6-b309f5d8d868;  -19.111000 ;  -39.754000 ;2020-01-12 16:30:00;Brasil;ESPÍRITO SANTO;SÃO MATEUS;Mata Atlântica
 1412800480 ;33766849-28d9-3ef0-9d9f-e9a2ccee09dc;  -19.102000 ;  -39.756000 ;2020-01-12 16:30:00;Brasil;ESPÍRITO SANTO;SÃO MATEUS;Mata Atlântica
 1412800478 ;a6c4c174-8338-3543-8cfb-1478cbdc993e;  -18.816000 ;  -39.823000 ;2020-01-12 16:30:00;Brasil;ESPÍRITO SANTO;SÃO MATEUS;Mata Atlântica
 1502000331 ;219ef353-734e-3c3e-bdd4-e556bd56524b;  -20.268000 ;  -41.036000 ;2020-06-22 16:15:00;Brasil;ESPÍRITO SANTO;DOMINGOS MARTINS;Mata Atlântica
 1502000325 ;780366bd-6021-3e56-8b8e-14ecbe988b6d;  -19.086000 ;  -40.139000 ;2020-06-22 16:15:00;Brasil;ESPÍRITO SANTO;SOORETAMA;Mata Atlântica
 1502000323 ;2f99f612-1305-34d2-923c-cc187d15a8eb;  -19.084000 ;  -40.688000 ;2020-06-22 16:15:00;Brasil;ESPÍRITO SANTO;ÁGUIA BRANCA;Mata Atlântica
 1502000322 ;2b0d9073-a9dc-304f-93f0-3842b5ad0d46;  -19.055000 ;  -40.237000 ;2020-06-22 16:15:00;Brasil;ESPÍRITO SANTO;SOORETAMA;Mata Atlântica
 1502000317 ;cbaa9538-037c-3738-b075-c3557c276b31;  -18.680000 ;  -40.624000 ;2020-06-22 16:15:00;Brasil;ESPÍRITO SANTO;VILA PAVÃO;Mata Atlântica
 1502000316 ;941173ae-97b3-37f5-b9ce-9c760c6814f2;  -18.559000 ;  -40.093000 ;2020-06-22 16:15:00;Brasil;ESPÍRITO SANTO;SÃO MATEUS;Mata Atlântica
 1502380171 ;1f5689a0-ab56-3786-83d5-bc6a1f1031a7;  -18.628000 ;  -41.016000 ;2020-06-27 16:35:00;Brasil;ESPÍRITO SANTO;ÁGUA DOCE DO NORTE;Mata Atlântica
 1502858863 ;c40b9ba6-8419-31de-8bde-16636d3ce519;  -19.080000 ;  -40.074000 ;2020-07-03 16:00:00;Brasil;ESPÍRITO SANTO;SOORETAMA;Mata Atlântica
 1503118381 ;30a5b162-3747-3843-bd19-d64a334744ab;  -19.375000 ;  -40.202000 ;2020-07-06 16:30:00;Brasil;ESPÍRITO SANTO;LINHARES;Mata Atlântica
 1503118379 ;d02fcca4-a5ea-3097-a482-0079794ca834;  -18.772000 ;  -40.169000 ;2020-07-06 16:30:00;Brasil;ESPÍRITO SANTO;SÃO MATEUS;Mata Atlântica
 1503118378 ;2f6f4635-a3d7-35ca-aa53-9e541ede1ef2;  -18.730000 ;  -40.136000 ;2020-07-06 16:30:00;Brasil;ESPÍRITO SANTO;SÃO MATEUS;Mata Atlântica
 1503118377 ;ba48558c-7244-3d47-9db1-c3c451a158be;  -18.701000 ;  -40.072000 ;2020-07-06 16:30:00;Brasil;ESPÍRITO SANTO;SÃO MATEUS;Mata Atlântica
 1503118371 ;84fde69a-d4c3-3a8e-a913-244cb1178c24;  -18.127000 ;  -40.289000 ;2020-07-06 16:30:00;Brasil;ESPÍRITO SANTO;MONTANHA;Mata Atlântica
 1503118370 ;fe786712-e35e-36c0-8ef4-5fc41f4a3fa5;  -18.126000 ;  -40.279000 ;2020-07-06 16:30:00;Brasil;ESPÍRITO SANTO;MONTANHA;Mata Atlântica
 1503118368 ;104a3de5-1201-333d-94ba-ce6ab5ffbfaf;  -18.032000 ;  -40.527000 ;2020-07-06 16:30:00;Brasil;ESPÍRITO SANTO;MUCURICI;Mata Atlântica
 1503118367 ;da790282-e366-36c6-bb61-c898603912ef;  -18.031000 ;  -40.517000 ;2020-07-06 16:30:00;Brasil;ESPÍRITO SANTO;MUCURICI;Mata Atlântica
 1503118366 ;09068425-6cc9-3599-aa04-630bb58a7668;  -18.020000 ;  -40.254000 ;2020-07-06 16:30:00;Brasil;ESPÍRITO SANTO;MONTANHA;Mata Atlântica
 1503269692 ;51c4aa53-fac9-328f-b7a8-4dc5f757552e;  -19.306000 ;  -39.848000 ;2020-07-08 16:15:00;Brasil;ESPÍRITO SANTO;LINHARES;Mata Atlântica
 1503269679 ;3ee16d60-54fd-3de6-85f8-9923238023c2;  -19.202000 ;  -40.268000 ;2020-07-08 16:15:00;Brasil;ESPÍRITO SANTO;RIO BANANAL;Mata Atlântica
 1503269675 ;eba651a4-9de4-3248-80f7-aeb9015eda49;  -19.001000 ;  -40.763000 ;2020-07-08 16:15:00;Brasil;ESPÍRITO SANTO;PANCAS;Mata Atlântica
 1503597736 ;303e848d-c26c-3147-9f01-4c6416fc2753;  -20.994000 ;  -40.928000 ;2020-07-13 16:35:00;Brasil;ESPÍRITO SANTO;ITAPEMIRIM;Mata Atlântica
 1503597680 ;ac32ffb8-f655-3b35-97e8-3933cb433110;  -18.036000 ;  -40.520000 ;2020-07-13 16:35:00;Brasil;ESPÍRITO SANTO;MUCURICI;Mata Atlântica
 1503597464 ;2238ad7b-967b-32ce-a2ed-bde828bef1f8;  -19.098000 ;  -40.386000 ;2020-07-13 16:35:00;Brasil;ESPÍRITO SANTO;SÃO DOMINGOS DO NORTE;Mata Atlântica
 1503597461 ;f186dd11-90c6-3f12-85c5-3212d61f54aa;  -19.096000 ;  -40.375000 ;2020-07-13 16:35:00;Brasil;ESPÍRITO SANTO;GOVERNADOR LINDENBERG;Mata Atlântica
 1505191095 ;fd747ff7-9cf2-3cf9-a079-6fdf1f0d81f4;  -19.520000 ;  -40.088000 ;2020-07-28 15:50:00;Brasil;ESPÍRITO SANTO;LINHARES;Mata Atlântica
 1505279202 ;dc02d14d-a734-3175-928b-0d935780db89;  -20.856000 ;  -41.150000 ;2020-07-29 16:35:00;Brasil;ESPÍRITO SANTO;CACHOEIRO DE ITAPEMIRIM;Mata Atlântica
 1505279171 ;d8b7dffe-343f-3341-a7f1-4e3a1ca4fde0;  -20.854000 ;  -41.140000 ;2020-07-29 16:35:00;Brasil;ESPÍRITO SANTO;CACHOEIRO DE ITAPEMIRIM;Mata Atlântica
 1505279102 ;922e67dc-f554-39ef-9cfa-ba9726a267de;  -20.932000 ;  -41.039000 ;2020-07-29 16:35:00;Brasil;ESPÍRITO SANTO;ITAPEMIRIM;Mata Atlântica
 1505279286 ;74062938-1a51-3ec8-a051-36ba072de8f9;  -19.538000 ;  -40.141000 ;2020-07-29 16:35:00;Brasil;ESPÍRITO SANTO;LINHARES;Mata Atlântica
 1505279285 ;2b687930-2d2a-3209-b7c5-9a204ef2726c;  -19.534000 ;  -40.137000 ;2020-07-29 16:35:00;Brasil;ESPÍRITO SANTO;LINHARES;Mata Atlântica
 1505279283 ;47309d0d-b4e5-3860-81c5-369cb6b17db0;  -18.910000 ;  -40.401000 ;2020-07-29 16:35:00;Brasil;ESPÍRITO SANTO;SÃO GABRIEL DA PALHA;Mata Atlântica
 1505279282 ;56d212f4-ddaa-3e45-b0b7-c3ce38c343bb;  -18.654000 ;  -40.068000 ;2020-07-29 16:35:00;Brasil;ESPÍRITO SANTO;SÃO MATEUS;Mata Atlântica
 1505279280 ;4a767a48-3619-3527-9e57-b7a841172b44;  -18.653000 ;  -40.057000 ;2020-07-29 16:35:00;Brasil;ESPÍRITO SANTO;SÃO MATEUS;Mata Atlântica
 1505279276 ;e7da692e-5e8d-3562-9567-d342c3b3df52;  -18.566000 ;  -40.497000 ;2020-07-29 16:35:00;Brasil;ESPÍRITO SANTO;NOVA VENÉCIA;Mata Atlântica
 1505279275 ;81e3b6dd-7028-3bac-9144-e623fb7bb701;  -18.557000 ;  -40.498000 ;2020-07-29 16:35:00;Brasil;ESPÍRITO SANTO;NOVA VENÉCIA;Mata Atlântica
 1505279274 ;2d53b5f1-c813-3e86-89c4-47e2a16f2c1d;  -18.401000 ;  -40.996000 ;2020-07-29 16:35:00;Brasil;ESPÍRITO SANTO;ECOPORANGA;Mata Atlântica
 1505279273 ;97e35ea8-fa53-30e7-beed-ec1cb31b6100;  -18.390000 ;  -39.949000 ;2020-07-29 16:35:00;Brasil;ESPÍRITO SANTO;PINHEIROS;Mata Atlântica
 1505279271 ;6e08710d-e391-36f2-8523-af4d0be13192;  -18.307000 ;  -40.074000 ;2020-07-29 16:35:00;Brasil;ESPÍRITO SANTO;PINHEIROS;Mata Atlântica
 1505279270 ;8ee131f1-9a71-3800-accb-3b071509d086;  -18.022000 ;  -40.335000 ;2020-07-29 16:35:00;Brasil;ESPÍRITO SANTO;MONTANHA;Mata Atlântica
 1505279236 ;4d3a7081-b908-3018-b585-ffa127d06bf9;  -20.930000 ;  -41.029000 ;2020-07-29 16:35:00;Brasil;ESPÍRITO SANTO;ITAPEMIRIM;Mata Atlântica
 1505279178 ;5d6f307f-b8c6-33f7-98c7-39f6cc16ec6c;  -19.536000 ;  -40.147000 ;2020-07-29 16:35:00;Brasil;ESPÍRITO SANTO;LINHARES;Mata Atlântica
 1506561847 ;accf38e3-dac1-3d43-8d01-f3ff49cfd4a4;  -19.196000 ;  -40.770000 ;2020-08-07 16:30:00;Brasil;ESPÍRITO SANTO;PANCAS;Mata Atlântica
 1506561844 ;500fa53a-38e3-3564-a91a-0834aacce893;  -19.140000 ;  -40.448000 ;2020-08-07 16:30:00;Brasil;ESPÍRITO SANTO;GOVERNADOR LINDENBERG;Mata Atlântica
 1507290499 ;76deb215-c166-3e8e-934a-b80e2385b218;  -19.730000 ;  -40.162000 ;2020-08-12 16:45:00;Brasil;ESPÍRITO SANTO;ARACRUZ;Mata Atlântica
 1507557102 ;d7659977-9251-3baf-996d-21375758c4dd;  -21.069000 ;  -40.889000 ;2020-08-14 16:35:00;Brasil;ESPÍRITO SANTO;MARATAÍZES;Mata Atlântica
 1507557101 ;4749691c-ace0-3f31-822a-784772170bf3;  -21.067000 ;  -40.879000 ;2020-08-14 16:35:00;Brasil;ESPÍRITO SANTO;MARATAÍZES;Mata Atlântica
 1507557100 ;f29b22b2-fb9a-38da-8c3f-19c9e6f4c601;  -20.263000 ;  -41.359000 ;2020-08-14 16:35:00;Brasil;ESPÍRITO SANTO;MUNIZ FREIRE;Mata Atlântica
 1507557099 ;f43b9f78-4fbf-39b4-adb8-c97826d44191;  -19.257000 ;  -40.195000 ;2020-08-14 16:35:00;Brasil;ESPÍRITO SANTO;RIO BANANAL;Mata Atlântica
 1507951280 ;2902f4a7-e0cd-11ea-b051-80c16ea9dda0;  -18.601000 ;  -39.910000 ;2020-08-16 16:22:33;Brasil;ESPÍRITO SANTO;SÃO MATEUS;Mata Atlântica
 1514891426 ;dd3dc1b2-caf4-3799-9ae8-983f0478ac39;  -19.412000 ;  -40.300000 ;2020-10-03 16:25:00;Brasil;ESPÍRITO SANTO;LINHARES;Mata Atlântica
 1508085022 ;f25cdace-b397-3904-81a7-04eea0c5efb7;  -19.555000 ;  -40.050000 ;2020-08-18 16:07:37;Brasil;ESPÍRITO SANTO;LINHARES;Mata Atlântica
 1507951121 ;2902f4a8-e0cd-11ea-b051-80c16ea9dda0;  -18.900000 ;  -40.410000 ;2020-08-16 16:22:33;Brasil;ESPÍRITO SANTO;SÃO GABRIEL DA PALHA;Mata Atlântica
 1508834414 ;6554c644-5a67-34ed-8d31-3f88a809eb61;  -19.733000 ;  -40.890000 ;2020-08-25 16:18:40;Brasil;ESPÍRITO SANTO;ITAGUAÇU;Mata Atlântica
 1508834411 ;a62e19ff-c46e-3b91-bd2d-6a9493015c36;  -19.540000 ;  -40.562000 ;2020-08-25 16:18:40;Brasil;ESPÍRITO SANTO;COLATINA;Mata Atlântica
 1508834409 ;984e5789-1121-3e31-afea-eadd3e9ca024;  -19.541000 ;  -40.574000 ;2020-08-25 16:18:40;Brasil;ESPÍRITO SANTO;COLATINA;Mata Atlântica
 1508834406 ;cdd4a7a4-5e51-3b2c-b60a-95788b0d5c9e;  -18.947000 ;  -41.025000 ;2020-08-25 16:18:40;Brasil;ESPÍRITO SANTO;ALTO RIO NOVO;Mata Atlântica
 1508834405 ;e859d6d2-2c54-3a83-acc8-290ffe3bee9a;  -18.949000 ;  -41.036000 ;2020-08-25 16:18:40;Brasil;ESPÍRITO SANTO;ALTO RIO NOVO;Mata Atlântica
 1508834403 ;f8a482ee-12c3-3c8f-95ef-1b3d5dece353;  -18.722000 ;  -39.840000 ;2020-08-25 16:18:40;Brasil;ESPÍRITO SANTO;SÃO MATEUS;Mata Atlântica
 1508834399 ;a6032775-6cd7-3d41-b390-9873f671acea;  -18.528000 ;  -39.902000 ;2020-08-25 16:18:40;Brasil;ESPÍRITO SANTO;CONCEIÇÃO DA BARRA;Mata Atlântica
 1508834396 ;acb36cbf-9726-3f8a-a932-38e259958076;  -18.529000 ;  -39.912000 ;2020-08-25 16:18:40;Brasil;ESPÍRITO SANTO;CONCEIÇÃO DA BARRA;Mata Atlântica
 1508834395 ;6a04f375-8117-3014-b767-1673963f8329;  -18.510000 ;  -39.963000 ;2020-08-25 16:18:40;Brasil;ESPÍRITO SANTO;CONCEIÇÃO DA BARRA;Mata Atlântica
 1509130159 ;ab4febb7-8946-3ca5-bdbe-31f1f7cebdeb;  -19.054000 ;  -40.496000 ;2020-08-27 16:01:41;Brasil;ESPÍRITO SANTO;SÃO GABRIEL DA PALHA;Mata Atlântica
 1509130156 ;3e9eedf8-8688-331d-b137-22107b76c19b;  -19.045000 ;  -40.486000 ;2020-08-27 16:01:41;Brasil;ESPÍRITO SANTO;SÃO GABRIEL DA PALHA;Mata Atlântica
 1509555839 ;74784251-10ff-3e41-af41-09b07719dc63;  -20.810000 ;  -41.237000 ;2020-08-30 16:31:40;Brasil;ESPÍRITO SANTO;CACHOEIRO DE ITAPEMIRIM;Mata Atlântica
 1509555835 ;075584f3-d5e5-3302-9bb8-a81d5d71d0be;  -20.812000 ;  -41.247000 ;2020-08-30 16:31:40;Brasil;ESPÍRITO SANTO;CACHOEIRO DE ITAPEMIRIM;Mata Atlântica
 1509555843 ;7280e7a2-33b2-3b67-b2bd-181774c75e2a;  -20.820000 ;  -41.235000 ;2020-08-30 16:31:40;Brasil;ESPÍRITO SANTO;CACHOEIRO DE ITAPEMIRIM;Mata Atlântica
 1509786279 ;c16443a3-c9b9-3bad-b90f-4a2ca610298c;  -19.920000 ;  -40.164000 ;2020-09-01 16:22:29;Brasil;ESPÍRITO SANTO;ARACRUZ;Mata Atlântica
 1509786270 ;b55f180b-ad04-39f1-b228-61644c2eb3a0;  -18.537000 ;  -39.931000 ;2020-09-01 16:22:29;Brasil;ESPÍRITO SANTO;CONCEIÇÃO DA BARRA;Mata Atlântica
 1509786268 ;d35d0809-6978-38ea-ba54-329a342a7047;  -18.485000 ;  -39.762000 ;2020-09-01 16:22:29;Brasil;ESPÍRITO SANTO;CONCEIÇÃO DA BARRA;Mata Atlântica
 1510028083 ;0f78717c-7433-3720-878a-880f18612cf0;  -18.989000 ;  -41.003000 ;2020-09-03 16:10:00;Brasil;ESPÍRITO SANTO;ALTO RIO NOVO;Mata Atlântica
 1510028080 ;2dc20abc-5f3e-3d66-bd2e-6c9f2109a21d;  -18.792000 ;  -40.136000 ;2020-09-03 16:10:00;Brasil;ESPÍRITO SANTO;JAGUARÉ;Mata Atlântica
 1510196348 ;4f2cbd7a-afe6-3247-85c4-930d8573df7c;  -20.986000 ;  -40.910000 ;2020-09-04 16:55:00;Brasil;ESPÍRITO SANTO;ITAPEMIRIM;Mata Atlântica
 1510196345 ;12df9bdf-08d7-3984-9c9d-7d5fe6fe9573;  -20.431000 ;  -41.526000 ;2020-09-04 16:55:00;Brasil;ESPÍRITO SANTO;IÚNA;Mata Atlântica
 1510356181 ;6191b286-0566-3e50-895d-4cd686d2cd09;  -20.273000 ;  -41.441000 ;2020-09-05 16:00:00;Brasil;ESPÍRITO SANTO;MUNIZ FREIRE;Mata Atlântica
 1510356161 ;acc834e0-30e1-3908-984c-b996fbf5198e;  -20.164000 ;  -40.921000 ;2020-09-05 16:00:00;Brasil;ESPÍRITO SANTO;SANTA MARIA DE JETIBÁ;Mata Atlântica
 1510356155 ;3edab672-cac9-39ec-bd10-8bc6ed9467cd;  -20.162000 ;  -40.897000 ;2020-09-05 16:00:00;Brasil;ESPÍRITO SANTO;SANTA MARIA DE JETIBÁ;Mata Atlântica
 1510356151 ;86bb787d-428a-3502-981c-85adbbfa4415;  -20.158000 ;  -40.902000 ;2020-09-05 16:00:00;Brasil;ESPÍRITO SANTO;SANTA MARIA DE JETIBÁ;Mata Atlântica
 1510356522 ;4d2a338a-54ba-31d3-979a-ecd330bd8d60;  -18.497000 ;  -39.807000 ;2020-09-05 16:00:00;Brasil;ESPÍRITO SANTO;CONCEIÇÃO DA BARRA;Mata Atlântica
 1510356518 ;c6deaca2-f6a0-35ee-ba52-4ae22d2c48d2;  -18.494000 ;  -39.788000 ;2020-09-05 16:00:00;Brasil;ESPÍRITO SANTO;CONCEIÇÃO DA BARRA;Mata Atlântica
 1510356511 ;60358bd9-728b-3ec4-a4ca-e1bf4bbfb538;  -18.023000 ;  -40.327000 ;2020-09-05 16:00:00;Brasil;ESPÍRITO SANTO;MONTANHA;Mata Atlântica
 1510356507 ;73296dca-ed76-3546-8b50-bb1f77213089;  -18.022000 ;  -40.320000 ;2020-09-05 16:00:00;Brasil;ESPÍRITO SANTO;MONTANHA;Mata Atlântica
 1510356199 ;c605fb69-a279-3aa2-bc24-1954fb3d6f73;  -20.983000 ;  -40.972000 ;2020-09-05 16:00:00;Brasil;ESPÍRITO SANTO;ITAPEMIRIM;Mata Atlântica
 1510356196 ;467663fe-ce01-3a33-a6a4-b11572faacb2;  -20.976000 ;  -40.953000 ;2020-09-05 16:00:00;Brasil;ESPÍRITO SANTO;ITAPEMIRIM;Mata Atlântica
 1510535936 ;3b6e3751-7201-30f1-8d82-fb634b994ad5;  -18.961000 ;  -41.057000 ;2020-09-06 16:40:00;Brasil;ESPÍRITO SANTO;ALTO RIO NOVO;Mata Atlântica
 1510535935 ;27db6611-464f-3c48-9c6a-ec38c54ce910;  -18.685000 ;  -40.864000 ;2020-09-06 16:40:00;Brasil;ESPÍRITO SANTO;BARRA DE SÃO FRANCISCO;Mata Atlântica
 1510535933 ;dcfc1e32-69fe-3330-a2df-70f66390b5c2;  -20.241000 ;  -41.499000 ;2020-09-06 16:40:00;Brasil;ESPÍRITO SANTO;IBATIBA;Mata Atlântica
 1510535931 ;381aa918-d8a3-39ab-b7a3-20e9f158afae;  -20.196000 ;  -41.340000 ;2020-09-06 16:40:00;Brasil;ESPÍRITO SANTO;BREJETUBA;Mata Atlântica
 1511285488 ;796d9050-09b1-310b-9f29-f17bb834a0e8;  -19.029000 ;  -40.866000 ;2020-09-10 16:15:00;Brasil;ESPÍRITO SANTO;PANCAS;Mata Atlântica
 1511285505 ;b82d981d-5f2e-349e-af63-a36957d0ccd9;  -20.917000 ;  -41.357000 ;2020-09-10 16:15:00;Brasil;ESPÍRITO SANTO;MUQUI;Mata Atlântica
 1511285504 ;78c4e631-fbdd-370b-8f1b-ab1e258b01ae;  -20.916000 ;  -41.345000 ;2020-09-10 16:15:00;Brasil;ESPÍRITO SANTO;MUQUI;Mata Atlântica
 1511285500 ;9f248724-7861-30de-ab02-b8c2eb9ffe23;  -19.353000 ;  -40.232000 ;2020-09-10 16:15:00;Brasil;ESPÍRITO SANTO;LINHARES;Mata Atlântica
 1511285484 ;829d3f86-994c-3ec7-a01e-347368b66956;  -19.027000 ;  -40.855000 ;2020-09-10 16:15:00;Brasil;ESPÍRITO SANTO;PANCAS;Mata Atlântica
 1511285480 ;529bf398-7ea4-36b0-8f44-d14f1575786a;  -18.984000 ;  -40.994000 ;2020-09-10 16:15:00;Brasil;ESPÍRITO SANTO;ALTO RIO NOVO;Mata Atlântica
 1511285476 ;bda7759a-fc9d-3c27-9857-affaa2ced3db;  -18.475000 ;  -39.833000 ;2020-09-10 16:15:00;Brasil;ESPÍRITO SANTO;CONCEIÇÃO DA BARRA;Mata Atlântica
 1511285473 ;279ff4db-458d-3a92-919c-da888b8263e2;  -18.469000 ;  -40.554000 ;2020-09-10 16:15:00;Brasil;ESPÍRITO SANTO;ECOPORANGA;Mata Atlântica
 1511510955 ;d1c9c6db-3cf8-37c4-9064-6699f47557d8;  -18.567000 ;  -40.328000 ;2020-09-11 17:00:00;Brasil;ESPÍRITO SANTO;BOA ESPERANÇA;Mata Atlântica
 1511510954 ;49d1b94e-735a-35f3-9e58-93b0fea36412;  -18.562000 ;  -40.308000 ;2020-09-11 17:00:00;Brasil;ESPÍRITO SANTO;BOA ESPERANÇA;Mata Atlântica
 1511510953 ;8808bef2-13dc-3307-980d-1e155b304fbd;  -18.562000 ;  -40.301000 ;2020-09-11 17:00:00;Brasil;ESPÍRITO SANTO;BOA ESPERANÇA;Mata Atlântica
 1511688078 ;8ec6e859-9ce5-3f01-97ec-75f2cca07154;  -20.195000 ;  -41.346000 ;2020-09-12 16:05:00;Brasil;ESPÍRITO SANTO;BREJETUBA;Mata Atlântica
 1511688077 ;6612150f-c1cb-3e8f-9fcb-6fe844965f27;  -20.198000 ;  -41.367000 ;2020-09-12 16:05:00;Brasil;ESPÍRITO SANTO;BREJETUBA;Mata Atlântica
 1511688076 ;e1903e69-3448-327d-970d-2e242ed45d5f;  -20.195000 ;  -41.224000 ;2020-09-12 16:05:00;Brasil;ESPÍRITO SANTO;AFONSO CLÁUDIO;Mata Atlântica
 1511688361 ;06442650-8b6d-3d67-a3d0-2059443fdd83;  -20.647000 ;  -40.953000 ;2020-09-12 16:05:00;Brasil;ESPÍRITO SANTO;VARGEM ALTA;Mata Atlântica
 1511688359 ;4efd8ea4-c2c8-3358-a3ea-ddd56f84a8b5;  -20.646000 ;  -40.960000 ;2020-09-12 16:05:00;Brasil;ESPÍRITO SANTO;VARGEM ALTA;Mata Atlântica
 1511688353 ;e0ae6e60-9b28-33d3-85d9-3a757ff8fde1;  -20.357000 ;  -40.442000 ;2020-09-12 16:05:00;Brasil;ESPÍRITO SANTO;VIANA;Mata Atlântica
 1511688341 ;d796e8dd-0f47-3be2-b3ca-793ff42f0282;  -19.988000 ;  -40.508000 ;2020-09-12 16:05:00;Brasil;ESPÍRITO SANTO;SANTA LEOPOLDINA;Mata Atlântica
 1511688340 ;e50952bf-5306-3185-a197-87c67bbd5a35;  -19.986000 ;  -40.490000 ;2020-09-12 16:05:00;Brasil;ESPÍRITO SANTO;SANTA LEOPOLDINA;Mata Atlântica
 1511688322 ;18ff9e1e-6a1a-35a8-a608-955d5ffb6f7b;  -18.834000 ;  -40.135000 ;2020-09-12 16:05:00;Brasil;ESPÍRITO SANTO;JAGUARÉ;Mata Atlântica
 1511688321 ;bf18b752-1bd9-3832-8fcb-3ea1e92714f7;  -18.510000 ;  -39.819000 ;2020-09-12 16:05:00;Brasil;ESPÍRITO SANTO;CONCEIÇÃO DA BARRA;Mata Atlântica
 1511688320 ;22a020b1-8268-3f63-b81a-5ea00f79fb48;  -18.499000 ;  -39.820000 ;2020-09-12 16:05:00;Brasil;ESPÍRITO SANTO;CONCEIÇÃO DA BARRA;Mata Atlântica
 1511688319 ;2882ae18-6527-32ff-8be4-cbe48a438fa8;  -18.559000 ;  -39.944000 ;2020-09-12 16:05:00;Brasil;ESPÍRITO SANTO;SÃO MATEUS;Mata Atlântica
 1511688318 ;9f606967-4607-34ff-a86e-a26210f73fdb;  -18.469000 ;  -39.763000 ;2020-09-12 16:05:00;Brasil;ESPÍRITO SANTO;CONCEIÇÃO DA BARRA;Mata Atlântica
 1511688317 ;1bbe09cc-4c37-3be9-90ad-f95880cacf0c;  -18.467000 ;  -39.748000 ;2020-09-12 16:05:00;Brasil;ESPÍRITO SANTO;CONCEIÇÃO DA BARRA;Mata Atlântica
 1511688316 ;9d9f6eca-fe79-3e71-8af0-e0d5415ecebe;  -18.446000 ;  -39.858000 ;2020-09-12 16:05:00;Brasil;ESPÍRITO SANTO;CONCEIÇÃO DA BARRA;Mata Atlântica
 1511688315 ;fd381e5d-89c9-3c09-b613-40908757ef33;  -18.445000 ;  -39.847000 ;2020-09-12 16:05:00;Brasil;ESPÍRITO SANTO;CONCEIÇÃO DA BARRA;Mata Atlântica
 1511688314 ;2d5f5a5c-ddd6-3f5a-8bd2-1da91cec4731;  -18.444000 ;  -39.842000 ;2020-09-12 16:05:00;Brasil;ESPÍRITO SANTO;CONCEIÇÃO DA BARRA;Mata Atlântica
 1511688313 ;03030b91-d89d-3bf4-87b4-04b46d260aed;  -18.443000 ;  -39.832000 ;2020-09-12 16:05:00;Brasil;ESPÍRITO SANTO;CONCEIÇÃO DA BARRA;Mata Atlântica
 1511688311 ;f8f2412c-6ec0-3cd3-ad0d-5b193fee4e3e;  -18.443000 ;  -39.827000 ;2020-09-12 16:05:00;Brasil;ESPÍRITO SANTO;CONCEIÇÃO DA BARRA;Mata Atlântica
 1511876153 ;936070d6-7ce9-300f-9589-558ce8d09929;  -18.788000 ;  -39.964000 ;2020-09-13 16:45:00;Brasil;ESPÍRITO SANTO;SÃO MATEUS;Mata Atlântica
 1511876268 ;c3041b9c-25ac-39c0-a39b-06e69b462231;  -21.033000 ;  -40.896000 ;2020-09-13 16:45:00;Brasil;ESPÍRITO SANTO;ITAPEMIRIM;Mata Atlântica
 1511876267 ;661f14cf-ad67-3e4d-aa4d-bc7d03564b09;  -20.727000 ;  -41.209000 ;2020-09-13 16:45:00;Brasil;ESPÍRITO SANTO;CACHOEIRO DE ITAPEMIRIM;Mata Atlântica
 1511876265 ;82129421-76a7-3101-95cb-e56767156d08;  -20.725000 ;  -41.195000 ;2020-09-13 16:45:00;Brasil;ESPÍRITO SANTO;CACHOEIRO DE ITAPEMIRIM;Mata Atlântica
 1511876262 ;eb3e3ba6-442c-3137-8215-f0b55476f44b;  -20.201000 ;  -41.220000 ;2020-09-13 16:45:00;Brasil;ESPÍRITO SANTO;AFONSO CLÁUDIO;Mata Atlântica
 1511876261 ;35c90002-db7a-350e-bba5-7674425639a7;  -20.087000 ;  -40.293000 ;2020-09-13 16:45:00;Brasil;ESPÍRITO SANTO;SERRA;Mata Atlântica
 1511876256 ;7a004057-e4ad-394b-90a8-b59ebb255fd8;  -19.610000 ;  -40.023000 ;2020-09-13 16:45:00;Brasil;ESPÍRITO SANTO;LINHARES;Mata Atlântica
 1511876253 ;8e9ea517-3e32-3ec4-b983-6eb2aaee2b6a;  -18.999000 ;  -41.002000 ;2020-09-13 16:45:00;Brasil;ESPÍRITO SANTO;ALTO RIO NOVO;Mata Atlântica
 1512257649 ;05b3ff66-263f-389f-9b11-5804ad21be01;  -20.807000 ;  -40.820000 ;2020-09-15 16:35:00;Brasil;ESPÍRITO SANTO;ICONHA;Mata Atlântica
 1512257648 ;1655ac12-8543-3253-b96e-c124b9b9960b;  -20.598000 ;  -41.210000 ;2020-09-15 16:35:00;Brasil;ESPÍRITO SANTO;CASTELO;Mata Atlântica
 1512257641 ;f46eb699-6198-3046-a45f-4b0d080df6e2;  -20.199000 ;  -41.240000 ;2020-09-15 16:35:00;Brasil;ESPÍRITO SANTO;AFONSO CLÁUDIO;Mata Atlântica
 1512257639 ;54df0830-aafc-3469-b6fe-3fc8c51cdcd5;  -20.197000 ;  -41.230000 ;2020-09-15 16:35:00;Brasil;ESPÍRITO SANTO;AFONSO CLÁUDIO;Mata Atlântica
 1512257637 ;82b02001-1857-3db0-a8ab-b50e81bd2afb;  -20.188000 ;  -41.232000 ;2020-09-15 16:35:00;Brasil;ESPÍRITO SANTO;AFONSO CLÁUDIO;Mata Atlântica
 1512257633 ;0f68a188-eb3e-3b03-801c-954b39c49427;  -20.187000 ;  -41.222000 ;2020-09-15 16:35:00;Brasil;ESPÍRITO SANTO;AFONSO CLÁUDIO;Mata Atlântica
 1512257631 ;1cb37a79-917f-3e67-b106-756280d18cde;  -20.178000 ;  -41.224000 ;2020-09-15 16:35:00;Brasil;ESPÍRITO SANTO;AFONSO CLÁUDIO;Mata Atlântica
 1512258312 ;41bf3eb0-3542-3459-b48a-2cd0690ca3b3;  -19.399000 ;  -40.722000 ;2020-09-15 16:35:00;Brasil;ESPÍRITO SANTO;COLATINA;Mata Atlântica
 1512258310 ;1c59d8fd-1eba-3a10-ad94-126aac7aba0f;  -18.529000 ;  -40.456000 ;2020-09-15 16:35:00;Brasil;ESPÍRITO SANTO;NOVA VENÉCIA;Mata Atlântica
 1512605173 ;596aa3bb-c391-3f50-911e-caf139e730da;  -19.751000 ;  -40.668000 ;2020-09-17 16:25:00;Brasil;ESPÍRITO SANTO;SÃO ROQUE DO CANAÃ;Mata Atlântica
 1512605171 ;61b922a6-51b5-347d-b75c-193bd3b8f14d;  -19.432000 ;  -40.752000 ;2020-09-17 16:25:00;Brasil;ESPÍRITO SANTO;COLATINA;Mata Atlântica
 1512605170 ;de643024-b8bc-3229-95e3-b9671d2a7e77;  -19.348000 ;  -40.871000 ;2020-09-17 16:25:00;Brasil;ESPÍRITO SANTO;BAIXO GUANDU;Mata Atlântica
 1512605169 ;d68bb9b8-09eb-3035-a318-ef947a4b9310;  -19.008000 ;  -40.542000 ;2020-09-17 16:25:00;Brasil;ESPÍRITO SANTO;SÃO GABRIEL DA PALHA;Mata Atlântica
 1512605167 ;c6ab3df1-b77f-33f6-a2d5-9fad888225b5;  -18.802000 ;  -39.916000 ;2020-09-17 16:25:00;Brasil;ESPÍRITO SANTO;SÃO MATEUS;Mata Atlântica
 1512605165 ;078879b6-ac2e-3e94-babe-9ae2bf0785d8;  -18.801000 ;  -39.906000 ;2020-09-17 16:25:00;Brasil;ESPÍRITO SANTO;SÃO MATEUS;Mata Atlântica
 1512605164 ;9122ad87-851d-30c8-a313-9c2cf1b41739;  -18.568000 ;  -39.952000 ;2020-09-17 16:25:00;Brasil;ESPÍRITO SANTO;SÃO MATEUS;Mata Atlântica
 1512605163 ;df0ac760-e3c1-39a8-af04-48da938590f0;  -18.528000 ;  -40.450000 ;2020-09-17 16:25:00;Brasil;ESPÍRITO SANTO;NOVA VENÉCIA;Mata Atlântica
 1512605162 ;515d3619-6280-3db3-8206-5c28fef048e5;  -18.526000 ;  -40.440000 ;2020-09-17 16:25:00;Brasil;ESPÍRITO SANTO;NOVA VENÉCIA;Mata Atlântica
 1512605161 ;e4058966-5c79-317c-8369-0b56e3b1968f;  -18.519000 ;  -40.451000 ;2020-09-17 16:25:00;Brasil;ESPÍRITO SANTO;NOVA VENÉCIA;Mata Atlântica
 1512605160 ;f0aa55a0-136e-3be2-979c-3d65c1c93d09;  -18.519000 ;  -39.927000 ;2020-09-17 16:25:00;Brasil;ESPÍRITO SANTO;CONCEIÇÃO DA BARRA;Mata Atlântica
 1512605158 ;e31ef24f-6032-35cf-b7b0-99520350a632;  -18.517000 ;  -40.441000 ;2020-09-17 16:25:00;Brasil;ESPÍRITO SANTO;NOVA VENÉCIA;Mata Atlântica
 1512605154 ;5e101975-1ced-34a0-8f7c-9dcc731fa014;  -18.484000 ;  -39.807000 ;2020-09-17 16:25:00;Brasil;ESPÍRITO SANTO;CONCEIÇÃO DA BARRA;Mata Atlântica
 1512605153 ;992db18a-65b4-3c0f-978a-05c7d20804b7;  -18.276000 ;  -40.093000 ;2020-09-17 16:25:00;Brasil;ESPÍRITO SANTO;PEDRO CANÁRIO;Mata Atlântica
 1512605184 ;7838a0bb-b6c4-3e92-bdb1-6d06bf648543;  -20.211000 ;  -41.224000 ;2020-09-17 16:20:00;Brasil;ESPÍRITO SANTO;AFONSO CLÁUDIO;Mata Atlântica
 1512605181 ;509eca16-f3f3-394b-bcbb-037486173001;  -20.191000 ;  -41.290000 ;2020-09-17 16:20:00;Brasil;ESPÍRITO SANTO;BREJETUBA;Mata Atlântica
 1512605180 ;29534c48-f07a-377a-870f-88ac59fd9980;  -20.135000 ;  -40.726000 ;2020-09-17 16:20:00;Brasil;ESPÍRITO SANTO;SANTA MARIA DE JETIBÁ;Mata Atlântica
 1512605177 ;9ffc0971-acee-3ac8-8852-18b465ebd743;  -19.967000 ;  -40.167000 ;2020-09-17 16:25:00;Brasil;ESPÍRITO SANTO;ARACRUZ;Mata Atlântica
 1512605176 ;54a13367-30c7-399f-97df-f90ceb0a5695;  -19.958000 ;  -40.168000 ;2020-09-17 16:25:00;Brasil;ESPÍRITO SANTO;ARACRUZ;Mata Atlântica
 1512605483 ;08ce7e8d-a332-3a94-a2cb-a1a9123846f2;  -20.287000 ;  -41.322000 ;2020-09-17 16:20:00;Brasil;ESPÍRITO SANTO;MUNIZ FREIRE;Mata Atlântica
 1512605482 ;5504440d-e55b-37ca-ac20-135e8d08d415;  -20.286000 ;  -41.312000 ;2020-09-17 16:20:00;Brasil;ESPÍRITO SANTO;CONCEIÇÃO DO CASTELO;Mata Atlântica
 1512605481 ;232dc2d1-270f-3a23-b504-17c448ef3e8e;  -20.279000 ;  -41.335000 ;2020-09-17 16:20:00;Brasil;ESPÍRITO SANTO;MUNIZ FREIRE;Mata Atlântica
 1512605480 ;fb90b52b-083e-3333-ac6f-04e531eacb5e;  -20.278000 ;  -41.324000 ;2020-09-17 16:20:00;Brasil;ESPÍRITO SANTO;MUNIZ FREIRE;Mata Atlântica
 1512757296 ;cdd6d70f-ee33-3cf0-915c-86f0c79d8348;  -20.535000 ;  -41.618000 ;2020-09-18 17:05:00;Brasil;ESPÍRITO SANTO;IBITIRAMA;Mata Atlântica
 1512757294 ;c53c162d-0223-3fee-b012-c16236bedd57;  -20.529000 ;  -41.591000 ;2020-09-18 17:05:00;Brasil;ESPÍRITO SANTO;MUNIZ FREIRE;Mata Atlântica
 1512886978 ;bb83a570-a9ed-380f-b729-554d1e8f7287;  -18.535000 ;  -40.006000 ;2020-09-19 16:10:00;Brasil;ESPÍRITO SANTO;SÃO MATEUS;Mata Atlântica
 1512887306 ;b27b394e-aa14-34ec-9f4a-80ff86c958db;  -18.408000 ;  -40.445000 ;2020-09-19 16:10:00;Brasil;ESPÍRITO SANTO;BOA ESPERANÇA;Mata Atlântica
 1512887302 ;2f4beb6b-5aad-3c71-aa5b-6f85b505c453;  -18.406000 ;  -40.432000 ;2020-09-19 16:10:00;Brasil;ESPÍRITO SANTO;BOA ESPERANÇA;Mata Atlântica
 1512886975 ;ee0df106-056e-33a4-8304-7bbcf3949b6c;  -18.534000 ;  -39.993000 ;2020-09-19 16:10:00;Brasil;ESPÍRITO SANTO;SÃO MATEUS;Mata Atlântica
 1512886970 ;77a5630f-686c-3c18-943d-37445709a6c0;  -18.417000 ;  -40.431000 ;2020-09-19 16:10:00;Brasil;ESPÍRITO SANTO;BOA ESPERANÇA;Mata Atlântica
 1512887010 ;c621fe2e-de50-3714-8242-681659cbd175;  -20.442000 ;  -40.927000 ;2020-09-19 16:10:00;Brasil;ESPÍRITO SANTO;DOMINGOS MARTINS;Mata Atlântica
 1512886817 ;12faa7e3-d54a-3f79-bb56-93631ba6d358;  -20.185000 ;  -40.203000 ;2020-09-19 16:10:00;Brasil;ESPÍRITO SANTO;SERRA;Mata Atlântica
 1512886814 ;10ab294d-3c11-3c0b-bf2b-a87f58de6715;  -20.115000 ;  -41.245000 ;2020-09-19 16:10:00;Brasil;ESPÍRITO SANTO;BREJETUBA;Mata Atlântica
 1513017026 ;851422bf-bb47-3cf4-a4c5-673fba8ba434;  -19.212000 ;  -40.149000 ;2020-09-20 16:55:00;Brasil;ESPÍRITO SANTO;SOORETAMA;Mata Atlântica
 1513017024 ;c24634a0-76a4-329b-8b9a-e9159bfe3d64;  -19.200000 ;  -40.134000 ;2020-09-20 16:55:00;Brasil;ESPÍRITO SANTO;SOORETAMA;Mata Atlântica
 1513017016 ;bc5d181d-e53b-3d9c-8933-b10e909db6b9;  -18.668000 ;  -40.278000 ;2020-09-20 16:55:00;Brasil;ESPÍRITO SANTO;SÃO MATEUS;Mata Atlântica
 1513017014 ;2d49b3e7-7045-3c78-a1a7-0be471b83d69;  -18.656000 ;  -40.262000 ;2020-09-20 16:55:00;Brasil;ESPÍRITO SANTO;SÃO MATEUS;Mata Atlântica
 1513017013 ;6a1159e9-773e-3be1-871d-1e020465d513;  -18.664000 ;  -40.255000 ;2020-09-20 16:55:00;Brasil;ESPÍRITO SANTO;SÃO MATEUS;Mata Atlântica
 1513017011 ;35f4e209-a007-3199-9605-17fb8363a35e;  -18.402000 ;  -40.469000 ;2020-09-20 16:55:00;Brasil;ESPÍRITO SANTO;PONTO BELO;Mata Atlântica
 1513017010 ;95d41545-0bc1-324d-87c8-b13d954093c6;  -18.400000 ;  -40.462000 ;2020-09-20 16:55:00;Brasil;ESPÍRITO SANTO;PONTO BELO;Mata Atlântica
 1513017008 ;7dd6a302-90fd-318c-ba93-39eff0acd896;  -18.399000 ;  -40.447000 ;2020-09-20 16:55:00;Brasil;ESPÍRITO SANTO;BOA ESPERANÇA;Mata Atlântica
 1513017007 ;22dc387b-a251-3432-88a4-5611100927eb;  -18.063000 ;  -40.780000 ;2020-09-20 16:55:00;Brasil;ESPÍRITO SANTO;ECOPORANGA;Mata Atlântica
 1513129997 ;9ad1ee14-26d2-3bf1-a670-ff2a23239663;  -18.854000 ;  -39.984000 ;2020-09-21 16:00:00;Brasil;ESPÍRITO SANTO;SÃO MATEUS;Mata Atlântica
 1513129996 ;5965d743-8c13-3fff-a86e-ae3da7d06005;  -18.528000 ;  -40.087000 ;2020-09-21 16:00:00;Brasil;ESPÍRITO SANTO;SÃO MATEUS;Mata Atlântica
 1513129995 ;eecd62d9-c0e8-3008-8589-1cc3868340fc;  -18.526000 ;  -40.083000 ;2020-09-21 16:00:00;Brasil;ESPÍRITO SANTO;SÃO MATEUS;Mata Atlântica
 1513231005 ;0f2ddcf0-7dd7-3855-b705-1b43dedead9f;  -20.037000 ;  -40.705000 ;2020-09-22 16:40:00;Brasil;ESPÍRITO SANTO;SANTA MARIA DE JETIBÁ;Mata Atlântica
 1513747067 ;25b74d70-fb85-3ba7-9870-ac1ad1756ee3;  -20.208000 ;  -40.314000 ;2020-09-26 16:15:00;Brasil;ESPÍRITO SANTO;SERRA;Mata Atlântica
 1513912951 ;8ce908ce-f22d-3a56-b31e-27f442e8d1ed;  -20.257000 ;  -41.573000 ;2020-09-27 17:00:00;Brasil;ESPÍRITO SANTO;IBATIBA;Mata Atlântica
 1513912942 ;7b6352d4-64fb-3f5b-919d-2a5be5604d6e;  -20.048000 ;  -41.218000 ;2020-09-27 17:00:00;Brasil;ESPÍRITO SANTO;AFONSO CLÁUDIO;Mata Atlântica
 1513912936 ;a8675a4d-c37d-3f53-8ffe-295968d4414e;  -19.536000 ;  -40.616000 ;2020-09-27 17:00:00;Brasil;ESPÍRITO SANTO;COLATINA;Mata Atlântica
 1514042538 ;78f5d3f4-6bb1-3022-820f-9c5830ae2543;  -18.904000 ;  -40.092000 ;2020-09-28 16:05:00;Brasil;ESPÍRITO SANTO;JAGUARÉ;Mata Atlântica
 1514042514 ;234e01e1-9430-3799-9ac3-7dd89fcb1eba;  -18.714000 ;  -40.499000 ;2020-09-28 16:05:00;Brasil;ESPÍRITO SANTO;NOVA VENÉCIA;Mata Atlântica
 1514042631 ;4460ff8a-b64a-3ae0-a31b-8c198d919dba;  -19.907000 ;  -41.025000 ;2020-09-28 16:05:00;Brasil;ESPÍRITO SANTO;LARANJA DA TERRA;Mata Atlântica
 1514171037 ;f1c17ce2-f0d9-344f-8b20-b161fb9af451;  -18.732000 ;  -40.899000 ;2020-09-29 16:45:00;Brasil;ESPÍRITO SANTO;BARRA DE SÃO FRANCISCO;Mata Atlântica
 1514169787 ;2074cc9e-8460-3188-8847-a69ad9b2f53f;  -20.586000 ;  -41.431000 ;2020-09-29 16:45:00;Brasil;ESPÍRITO SANTO;ALEGRE;Mata Atlântica
 1514170070 ;66a9edbe-dbb4-39d7-b34c-0d91882dcfcb;  -18.101000 ;  -40.519000 ;2020-09-29 16:45:00;Brasil;ESPÍRITO SANTO;MUCURICI;Mata Atlântica
 1514169116 ;d89fcf60-e9c5-395b-b554-4d868ab5dd92;  -19.122000 ;  -40.551000 ;2020-09-29 16:45:00;Brasil;ESPÍRITO SANTO;SÃO DOMINGOS DO NORTE;Mata Atlântica
 1514306564 ;61a1b23d-8dfd-3941-8c86-4136a9381085;  -20.250000 ;  -40.259000 ;2020-09-30 15:50:00;Brasil;ESPÍRITO SANTO;VITÓRIA;Mata Atlântica
 1514493444 ;0c541c00-6db0-3d6f-93f1-eb301dff9cc8;  -20.641000 ;  -40.504000 ;2020-10-01 16:35:00;Brasil;ESPÍRITO SANTO;GUARAPARI;Mata Atlântica
 1514493402 ;d2776171-1622-3be5-a3a0-b513c9b0a420;  -20.643000 ;  -40.515000 ;2020-10-01 16:35:00;Brasil;ESPÍRITO SANTO;GUARAPARI;Mata Atlântica
 1514493514 ;2f6dcc98-774c-3748-b846-e91f9eec6164;  -20.637000 ;  -40.511000 ;2020-10-01 16:35:00;Brasil;ESPÍRITO SANTO;GUARAPARI;Mata Atlântica
 1514491933 ;3c7dcb4f-39b0-3c20-9ba0-886e5a1ee1ac;  -20.525000 ;  -41.686000 ;2020-10-01 16:35:00;Brasil;ESPÍRITO SANTO;IBITIRAMA;Mata Atlântica
 1514490447 ;11b359f9-8a95-3cb1-9bdc-3429d68c8f3a;  -20.527000 ;  -41.696000 ;2020-10-01 16:35:00;Brasil;ESPÍRITO SANTO;IBITIRAMA;Mata Atlântica
 1514490497 ;cab91144-dd8d-356b-9fb7-55be1df815e1;  -19.416000 ;  -40.679000 ;2020-10-01 16:35:00;Brasil;ESPÍRITO SANTO;COLATINA;Mata Atlântica
 1514490496 ;4d5aa4e2-c380-3e5c-8283-e351d9bfb5dd;  -18.518000 ;  -39.784000 ;2020-10-01 16:35:00;Brasil;ESPÍRITO SANTO;CONCEIÇÃO DA BARRA;Mata Atlântica
 1514891463 ;e8ed6970-424a-3d71-aedf-aeafb6361096;  -18.163000 ;  -40.365000 ;2020-10-03 16:25:00;Brasil;ESPÍRITO SANTO;MONTANHA;Mata Atlântica
 1514891462 ;4f7b7f5c-a150-337f-8270-ca0ef543c2b7;  -18.276000 ;  -41.060000 ;2020-10-03 16:25:00;Brasil;ESPÍRITO SANTO;ECOPORANGA;Mata Atlântica
 1514891461 ;73f50c7e-2499-3e17-a263-64fdcf1e9101;  -18.161000 ;  -40.356000 ;2020-10-03 16:25:00;Brasil;ESPÍRITO SANTO;MONTANHA;Mata Atlântica
 1514891458 ;986d8cdd-c052-3890-a5c3-e6b795f5830d;  -18.285000 ;  -41.058000 ;2020-10-03 16:25:00;Brasil;ESPÍRITO SANTO;ECOPORANGA;Mata Atlântica
 1514891457 ;6b7b0906-55a9-34ee-ab50-ab8d77773e52;  -18.152000 ;  -40.357000 ;2020-10-03 16:25:00;Brasil;ESPÍRITO SANTO;MONTANHA;Mata Atlântica
 1514891455 ;65276d4f-6c70-3252-8c43-da9def311146;  -18.559000 ;  -39.983000 ;2020-10-03 16:25:00;Brasil;ESPÍRITO SANTO;SÃO MATEUS;Mata Atlântica
 1514891453 ;a72291fc-17e0-31b5-aa12-d8bdeb4b7c1f;  -18.557000 ;  -39.974000 ;2020-10-03 16:25:00;Brasil;ESPÍRITO SANTO;SÃO MATEUS;Mata Atlântica
 1514891452 ;2af73508-87b9-3966-9b7d-d501491d80b2;  -18.711000 ;  -39.889000 ;2020-10-03 16:25:00;Brasil;ESPÍRITO SANTO;SÃO MATEUS;Mata Atlântica
 1514891449 ;e90c106c-d22b-3777-9d70-0026dba5ed12;  -18.514000 ;  -39.797000 ;2020-10-03 16:25:00;Brasil;ESPÍRITO SANTO;CONCEIÇÃO DA BARRA;Mata Atlântica
 1514891443 ;23e38567-b224-3bff-8364-f2d5fa078874;  -18.902000 ;  -39.943000 ;2020-10-03 16:25:00;Brasil;ESPÍRITO SANTO;SÃO MATEUS;Mata Atlântica
 1514891441 ;5d9cb22a-4f16-320f-9d07-b8be0b25c0c7;  -18.460000 ;  -39.739000 ;2020-10-03 16:25:00;Brasil;ESPÍRITO SANTO;CONCEIÇÃO DA BARRA;Mata Atlântica
 1514891439 ;94a19e82-06d2-35ea-9577-37a5b592b273;  -19.123000 ;  -40.866000 ;2020-10-03 16:25:00;Brasil;ESPÍRITO SANTO;PANCAS;Mata Atlântica
 1514891437 ;57a00142-b2f3-34e3-84cd-3fa0e93a1b98;  -18.976000 ;  -39.876000 ;2020-10-03 16:25:00;Brasil;ESPÍRITO SANTO;SÃO MATEUS;Mata Atlântica
 1514891433 ;5b10c65d-0754-3de8-b075-3bdf44d7dac2;  -18.975000 ;  -39.867000 ;2020-10-03 16:25:00;Brasil;ESPÍRITO SANTO;SÃO MATEUS;Mata Atlântica
 1514891425 ;4e35dd3a-b606-3603-8865-935a2d2509fe;  -18.967000 ;  -39.878000 ;2020-10-03 16:25:00;Brasil;ESPÍRITO SANTO;SÃO MATEUS;Mata Atlântica
 1514891421 ;987aeea9-243b-38d5-8cb6-693447c71598;  -20.357000 ;  -40.561000 ;2020-10-03 16:20:00;Brasil;ESPÍRITO SANTO;VIANA;Mata Atlântica
 1514891418 ;61277d00-5893-3711-a5ba-5770a54be273;  -20.171000 ;  -41.017000 ;2020-10-03 16:20:00;Brasil;ESPÍRITO SANTO;SANTA MARIA DE JETIBÁ;Mata Atlântica
 1514891409 ;177b631a-a21f-3497-81ec-1da00caa3d3a;  -18.966000 ;  -39.868000 ;2020-10-03 16:25:00;Brasil;ESPÍRITO SANTO;SÃO MATEUS;Mata Atlântica
 1514891405 ;c36d2378-47f3-340e-9449-68c8ebff1e24;  -20.726000 ;  -41.737000 ;2020-10-03 16:20:00;Brasil;ESPÍRITO SANTO;GUAÇUÍ;Mata Atlântica
 1514890765 ;1fc704b7-4e23-3010-b313-30c4ce056464;  -20.727000 ;  -41.748000 ;2020-10-03 16:20:00;Brasil;ESPÍRITO SANTO;GUAÇUÍ;Mata Atlântica
 1514890748 ;d8449ab6-6d57-34de-ab21-7c557602847e;  -20.280000 ;  -41.428000 ;2020-10-03 16:20:00;Brasil;ESPÍRITO SANTO;MUNIZ FREIRE;Mata Atlântica
 1514890747 ;10655e4d-df5e-3be9-8ec5-d52119959785;  -20.279000 ;  -41.418000 ;2020-10-03 16:20:00;Brasil;ESPÍRITO SANTO;MUNIZ FREIRE;Mata Atlântica
 1514890738 ;2c27d964-9810-3219-acce-d0746617f460;  -19.411000 ;  -40.290000 ;2020-10-03 16:25:00;Brasil;ESPÍRITO SANTO;LINHARES;Mata Atlântica
 1514890724 ;693f1877-3bc0-3776-9261-2fa1928cdc3c;  -18.811000 ;  -39.944000 ;2020-10-03 16:25:00;Brasil;ESPÍRITO SANTO;SÃO MATEUS;Mata Atlântica
 1514890714 ;d8e81cef-84b0-3d6a-b3e1-817ace389a40;  -18.450000 ;  -40.517000 ;2020-10-03 16:25:00;Brasil;ESPÍRITO SANTO;NOVA VENÉCIA;Mata Atlântica
 1514890713 ;7ca36a05-6432-3e38-9046-c2e0d91942e3;  -18.448000 ;  -40.507000 ;2020-10-03 16:25:00;Brasil;ESPÍRITO SANTO;NOVA VENÉCIA;Mata Atlântica
 1514890712 ;a4a2acf1-c907-3d7b-8d62-c401126c58c1;  -18.294000 ;  -41.057000 ;2020-10-03 16:25:00;Brasil;ESPÍRITO SANTO;ECOPORANGA;Mata Atlântica
 1514890711 ;692b0584-9bb4-39e8-8667-0c5b78a2726a;  -18.293000 ;  -41.047000 ;2020-10-03 16:25:00;Brasil;ESPÍRITO SANTO;ECOPORANGA;Mata Atlântica
 1514890710 ;397edc60-5042-3839-9f77-ea91fa258fe5;  -18.284000 ;  -41.048000 ;2020-10-03 16:25:00;Brasil;ESPÍRITO SANTO;ECOPORANGA;Mata Atlântica
 1514890709 ;d628344f-083e-3ef2-ad98-9b9535fdab00;  -18.282000 ;  -41.039000 ;2020-10-03 16:25:00;Brasil;ESPÍRITO SANTO;ECOPORANGA;Mata Atlântica
 1514890708 ;7256f6f5-1352-3db8-a804-bb9a76341122;  -18.274000 ;  -41.050000 ;2020-10-03 16:25:00;Brasil;ESPÍRITO SANTO;ECOPORANGA;Mata Atlântica
 1514890706 ;57b5f0fd-ec37-39f6-981c-6028ffaec9ae;  -18.130000 ;  -40.526000 ;2020-10-03 16:25:00;Brasil;ESPÍRITO SANTO;PONTO BELO;Mata Atlântica
 1514890705 ;089978b5-8b19-33b9-8b28-fb0f712288af;  -18.128000 ;  -40.516000 ;2020-10-03 16:25:00;Brasil;ESPÍRITO SANTO;PONTO BELO;Mata Atlântica
 1515154782 ;93df86a5-acd3-30f3-8660-d6c60cbd966f;  -18.966000 ;  -39.867000 ;2020-10-05 16:10:00;Brasil;ESPÍRITO SANTO;SÃO MATEUS;Mata Atlântica
 1515155361 ;3ad317ae-5181-32d6-a498-c40878b0129c;  -18.553000 ;  -39.966000 ;2020-10-05 16:10:00;Brasil;ESPÍRITO SANTO;SÃO MATEUS;Mata Atlântica
 1515154651 ;fe24add1-a822-3006-9116-294549a95683;  -18.515000 ;  -39.910000 ;2020-10-05 16:10:00;Brasil;ESPÍRITO SANTO;CONCEIÇÃO DA BARRA;Mata Atlântica
 1515280060 ;6b745d83-1d5e-31aa-ab2a-5609e879236d;  -18.335000 ;  -41.007000 ;2020-10-06 16:55:00;Brasil;ESPÍRITO SANTO;ECOPORANGA;Mata Atlântica
 1515279416 ;ba16bdce-f897-3938-89ea-5b7243511f17;  -19.506000 ;  -40.624000 ;2020-10-06 16:55:00;Brasil;ESPÍRITO SANTO;COLATINA;Mata Atlântica
 1515279259 ;8deab3ce-2f33-3a0c-8737-821a541ff993;  -18.336000 ;  -41.012000 ;2020-10-06 16:55:00;Brasil;ESPÍRITO SANTO;ECOPORANGA;Mata Atlântica
 1515279586 ;021822b5-67e8-320c-8f9b-7fcdc6e28f01;  -18.330000 ;  -39.936000 ;2020-10-06 16:55:00;Brasil;ESPÍRITO SANTO;CONCEIÇÃO DA BARRA;Mata Atlântica
 1515279910 ;332b4344-9c4b-36bd-b404-a6dec81ce58f;  -18.055000 ;  -40.110000 ;2020-10-06 16:55:00;Brasil;ESPÍRITO SANTO;PEDRO CANÁRIO;Mata Atlântica
 1515278958 ;b5837876-b080-3056-8cb2-ea4cc5702dbf;  -19.510000 ;  -40.644000 ;2020-10-06 16:55:00;Brasil;ESPÍRITO SANTO;COLATINA;Mata Atlântica
 1515280326 ;4d79e70f-d250-361e-ac70-89da8342e304;  -18.332000 ;  -40.992000 ;2020-10-06 16:55:00;Brasil;ESPÍRITO SANTO;ECOPORANGA;Mata Atlântica
 1515279110 ;56a1dddc-9c4e-3111-9ece-c0dc213b78c6;  -18.321000 ;  -39.932000 ;2020-10-06 16:55:00;Brasil;ESPÍRITO SANTO;CONCEIÇÃO DA BARRA;Mata Atlântica
 1515386866 ;79a2aa2e-f24c-3719-a2be-01df10c7e16b;  -18.539000 ;  -40.396000 ;2020-10-07 16:00:00;Brasil;ESPÍRITO SANTO;BOA ESPERANÇA;Mata Atlântica
 1515386619 ;652de44b-b305-3804-82a6-53736362f897;  -18.539000 ;  -40.381000 ;2020-10-07 16:00:00;Brasil;ESPÍRITO SANTO;BOA ESPERANÇA;Mata Atlântica
 1515386525 ;7c22a5e2-9f9b-3c86-98dd-915910bb842b;  -18.541000 ;  -40.403000 ;2020-10-07 16:00:00;Brasil;ESPÍRITO SANTO;BOA ESPERANÇA;Mata Atlântica
 1515387084 ;3b5c8830-c147-3f96-8ba7-f8b28972b62b;  -18.539000 ;  -39.915000 ;2020-10-07 16:00:00;Brasil;ESPÍRITO SANTO;CONCEIÇÃO DA BARRA;Mata Atlântica
 1515386746 ;a818f365-ad0d-3792-9d1b-aa0dfa73024f;  -18.536000 ;  -40.374000 ;2020-10-07 16:00:00;Brasil;ESPÍRITO SANTO;BOA ESPERANÇA;Mata Atlântica
 1515528239 ;78ed7760-3180-32dc-9334-9ac12ac81bcd;  -18.558000 ;  -40.070000 ;2020-10-08 16:40:00;Brasil;ESPÍRITO SANTO;SÃO MATEUS;Mata Atlântica
 1515528238 ;62cb9a18-8f29-38dd-a843-793b9ebe8d4d;  -18.560000 ;  -40.084000 ;2020-10-08 16:40:00;Brasil;ESPÍRITO SANTO;SÃO MATEUS;Mata Atlântica
 1515528237 ;3831d05f-3602-3cae-ba3b-c6016a7c6c73;  -18.552000 ;  -40.100000 ;2020-10-08 16:40:00;Brasil;ESPÍRITO SANTO;SÃO MATEUS;Mata Atlântica
 1515528236 ;84eb5374-80b2-35bf-bcd2-dade4ad96e7b;  -18.592000 ;  -40.078000 ;2020-10-08 16:40:00;Brasil;ESPÍRITO SANTO;SÃO MATEUS;Mata Atlântica
 1515528235 ;ec39d943-9105-3ced-b1eb-aa78f7a6b16a;  -18.595000 ;  -40.092000 ;2020-10-08 16:40:00;Brasil;ESPÍRITO SANTO;SÃO MATEUS;Mata Atlântica
 1515528234 ;d91824cf-89ce-3ddc-b555-96151dc2e932;  -18.563000 ;  -40.098000 ;2020-10-08 16:40:00;Brasil;ESPÍRITO SANTO;SÃO MATEUS;Mata Atlântica
 1515528233 ;bd5ef0de-3506-347a-a137-b443336264d4;  -18.550000 ;  -40.086000 ;2020-10-08 16:40:00;Brasil;ESPÍRITO SANTO;SÃO MATEUS;Mata Atlântica
 1515528230 ;8fe1b24c-b019-3691-b956-5f1affd5fe04;  -18.605000 ;  -40.090000 ;2020-10-08 16:40:00;Brasil;ESPÍRITO SANTO;SÃO MATEUS;Mata Atlântica
 1515528226 ;78e578ef-ad99-3b39-9486-b8edfde2d69f;  -18.603000 ;  -40.076000 ;2020-10-08 16:40:00;Brasil;ESPÍRITO SANTO;SÃO MATEUS;Mata Atlântica
 1515528294 ;dac34b63-25c0-3ef6-a2c2-8bc3989c93e6;  -20.291000 ;  -40.996000 ;2020-10-08 16:40:00;Brasil;ESPÍRITO SANTO;DOMINGOS MARTINS;Mata Atlântica
 1515528290 ;5b1865ab-ead2-3194-a61e-203880010a5d;  -20.292000 ;  -41.007000 ;2020-10-08 16:40:00;Brasil;ESPÍRITO SANTO;DOMINGOS MARTINS;Mata Atlântica
 1516323738 ;2ecf49c8-a033-315c-bbb2-ba9ea65b0cec;  -18.225000 ;  -41.070000 ;2020-10-15 16:45:00;Brasil;ESPÍRITO SANTO;ECOPORANGA;Mata Atlântica
 1516322792 ;878cf2a2-fbde-381a-8676-dc9aa1c4ada5;  -18.189000 ;  -41.068000 ;2020-10-15 16:45:00;Brasil;ESPÍRITO SANTO;ECOPORANGA;Mata Atlântica
 1516322790 ;bc10d3cb-f743-30b9-bb2e-135a8074d587;  -18.189000 ;  -41.061000 ;2020-10-15 16:45:00;Brasil;ESPÍRITO SANTO;ECOPORANGA;Mata Atlântica
 1516322260 ;44d7d00c-d299-38d5-876e-35a830fedff2;  -18.191000 ;  -41.076000 ;2020-10-15 16:45:00;Brasil;ESPÍRITO SANTO;ECOPORANGA;Mata Atlântica
 1516322259 ;4dcdb58e-813d-3d59-9c2e-e7c0ef3b5b76;  -19.741000 ;  -41.175000 ;2020-10-15 16:45:00;Brasil;ESPÍRITO SANTO;BAIXO GUANDU;Mata Atlântica
 1516322924 ;6856f494-55ac-3ff2-8f14-ef580051b98c;  -19.937000 ;  -41.243000 ;2020-10-15 16:45:00;Brasil;ESPÍRITO SANTO;AFONSO CLÁUDIO;Mata Atlântica
 1517284425 ;f52ebdf9-92f6-3a3f-ad1a-b2ba9bf38cbe;  -20.074000 ;  -41.225000 ;2020-10-26 16:30:00;Brasil;ESPÍRITO SANTO;AFONSO CLÁUDIO;Mata Atlântica
 1517425206 ;4d037e45-99fc-3e0e-8e47-6d9fa5c0f760;  -18.396000 ;  -41.118000 ;2020-10-28 16:15:00;Brasil;ESPÍRITO SANTO;ECOPORANGA;Mata Atlântica
 1517424973 ;2eb8e468-8cb7-394d-91c8-ca0a9d029a48;  -19.843000 ;  -40.809000 ;2020-10-28 16:15:00;Brasil;ESPÍRITO SANTO;SANTA TERESA;Mata Atlântica
 1517425002 ;3b5e6377-0a2c-31c6-ada3-327d54bc59e3;  -19.844000 ;  -40.822000 ;2020-10-28 16:15:00;Brasil;ESPÍRITO SANTO;ITAGUAÇU;Mata Atlântica
 1517424849 ;8ecd8470-e306-3edc-81ba-4569fe7f979b;  -19.705000 ;  -40.691000 ;2020-10-28 16:15:00;Brasil;ESPÍRITO SANTO;SÃO ROQUE DO CANAÃ;Mata Atlântica
 1517424762 ;c1a46a64-da68-3910-b9b3-5a43a2d18d49;  -19.776000 ;  -41.005000 ;2020-10-28 16:15:00;Brasil;ESPÍRITO SANTO;BAIXO GUANDU;Mata Atlântica
 1517566407 ;6442129f-afaa-3885-a289-c67bbb620c8b;  -18.321000 ;  -39.791000 ;2020-10-30 16:05:00;Brasil;ESPÍRITO SANTO;CONCEIÇÃO DA BARRA;Mata Atlântica
 1518698947 ;3fe2c294-5c64-3358-a72d-4011c529da38;  -19.778000 ;  -40.803000 ;2020-11-08 16:00:00;Brasil;ESPÍRITO SANTO;ITAGUAÇU;Mata Atlântica
 1519013267 ;b3d5ba35-dfce-38cf-8342-7a4a93df6122;  -19.297000 ;  -40.072000 ;2020-11-11 16:30:00;Brasil;ESPÍRITO SANTO;LINHARES;Mata Atlântica
 1519012873 ;e92e31cf-42d2-3fec-98ae-7b5aebd3e104;  -18.716000 ;  -40.449000 ;2020-11-11 16:30:00;Brasil;ESPÍRITO SANTO;NOVA VENÉCIA;Mata Atlântica
 1519013255 ;164e514a-00c9-3467-bc4c-08076eace59f;  -19.261000 ;  -40.400000 ;2020-11-11 16:30:00;Brasil;ESPÍRITO SANTO;RIO BANANAL;Mata Atlântica
 1519012535 ;78e8b35e-ea4d-3bd9-8b94-ac47418d5a63;  -18.957000 ;  -40.331000 ;2020-11-11 16:30:00;Brasil;ESPÍRITO SANTO;VILA VALÉRIO;Mata Atlântica
 1519012800 ;2b85c8e7-2d2b-3f6c-a14c-6bd20a5bc267;  -19.295000 ;  -40.062000 ;2020-11-11 16:30:00;Brasil;ESPÍRITO SANTO;LINHARES;Mata Atlântica
 1519012570 ;8e3b0776-d727-30fe-affe-60b37cec2652;  -18.851000 ;  -40.237000 ;2020-11-11 16:30:00;Brasil;ESPÍRITO SANTO;SÃO MATEUS;Mata Atlântica
 1519012413 ;17595ea9-3769-360b-ac70-6e11ced294b5;  -20.212000 ;  -41.320000 ;2020-11-11 16:30:00;Brasil;ESPÍRITO SANTO;BREJETUBA;Mata Atlântica
 1519214680 ;ccbad55c-28d3-3856-bc97-8037cc8b87e6;  -18.539000 ;  -40.444000 ;2020-11-13 16:15:00;Brasil;ESPÍRITO SANTO;NOVA VENÉCIA;Mata Atlântica
 1519213922 ;cfe2b914-826d-360e-9db0-2c2249a9d636;  -18.538000 ;  -40.434000 ;2020-11-13 16:15:00;Brasil;ESPÍRITO SANTO;NOVA VENÉCIA;Mata Atlântica
 1422551661 ;e6330706-5a85-3bab-bae7-833d53db8aab;  -18.463000 ;  -39.756000 ;2020-06-11 16:35:00;Brasil;ESPÍRITO SANTO;CONCEIÇÃO DA BARRA;Mata Atlântica
 1422551667 ;a83e386c-64bf-306d-beb7-e041e4590cb4;  -19.434000 ;  -40.006000 ;2020-06-11 16:35:00;Brasil;ESPÍRITO SANTO;LINHARES;Mata Atlântica
 1422551668 ;4eeab069-1b69-3213-9f25-18af46450824;  -19.436000 ;  -40.017000 ;2020-06-11 16:35:00;Brasil;ESPÍRITO SANTO;LINHARES;Mata Atlântica
 1422656189 ;8df253a0-31be-3cfe-ab3d-168f21d67290;  -18.479000 ;  -39.762000 ;2020-06-13 16:25:00;Brasil;ESPÍRITO SANTO;CONCEIÇÃO DA BARRA;Mata Atlântica
 1422319881 ;517480f4-3204-38cf-926d-c1c31fd70c12;  -18.839000 ;  -40.362000 ;2020-06-06 16:15:00;Brasil;ESPÍRITO SANTO;SÃO MATEUS;Mata Atlântica
 1422319882 ;db731115-510b-3c95-bd94-99f6c4d9d53a;  -18.829000 ;  -40.547000 ;2020-06-06 16:15:00;Brasil;ESPÍRITO SANTO;NOVA VENÉCIA;Mata Atlântica
 1412443850 ;887405e4-4905-37ae-b1ee-1aa145a897f8;  -20.384000 ;  -41.187000 ;2020-01-07 16:10:00;Brasil;ESPÍRITO SANTO;VENDA NOVA DO IMIGRANTE;Mata Atlântica
 1412443849 ;9a323f61-6923-30ce-98d6-01fbc04b470e;  -19.986000 ;  -40.233000 ;2020-01-07 16:10:00;Brasil;ESPÍRITO SANTO;ARACRUZ;Mata Atlântica
 1412443848 ;d15c2cef-2b71-3409-bb0a-bf6124f836a7;  -19.984000 ;  -40.220000 ;2020-01-07 16:10:00;Brasil;ESPÍRITO SANTO;ARACRUZ;Mata Atlântica
 1412800497 ;c6322e7f-2586-30fb-bc92-2275cfc81126;  -20.471000 ;  -40.363000 ;2020-01-12 16:30:00;Brasil;ESPÍRITO SANTO;VILA VELHA;Mata Atlântica
 1412800489 ;40fe62ff-0896-3c49-be9f-092cc56e74ef;  -19.122000 ;  -39.763000 ;2020-01-12 16:30:00;Brasil;ESPÍRITO SANTO;JAGUARÉ;Mata Atlântica
 1414350380 ;5bcb8f37-da25-3b5e-8fff-1880ce84283e;  -18.341000 ;  -40.307000 ;2020-02-01 16:05:00;Brasil;ESPÍRITO SANTO;PINHEIROS;Mata Atlântica
 1414503039 ;9eb129fe-ef46-341d-8a90-91cac1d9e6cf;  -17.940000 ;  -40.354000 ;2020-02-03 15:50:00;Brasil;ESPÍRITO SANTO;MONTANHA;Mata Atlântica
 1415058523 ;ef9b8d62-aeb8-30c6-97a0-4f79fc1510ac;  -20.410000 ;  -41.599000 ;2020-02-10 16:00:00;Brasil;ESPÍRITO SANTO;IÚNA;Mata Atlântica
 1415446636 ;ea38438d-90bc-3654-b521-ea67adb06fa5;  -19.402000 ;  -40.520000 ;2020-02-15 16:15:00;Brasil;ESPÍRITO SANTO;MARILÂNDIA;Mata Atlântica
 1415751488 ;5785da4f-35d9-3368-8688-353caa61f2fe;  -18.593000 ;  -39.921000 ;2020-02-19 15:50:00;Brasil;ESPÍRITO SANTO;SÃO MATEUS;Mata Atlântica
 1415751487 ;73ca1373-0cb5-3adf-8456-93b7694ce4d3;  -18.590000 ;  -39.895000 ;2020-02-19 15:50:00;Brasil;ESPÍRITO SANTO;CONCEIÇÃO DA BARRA;Mata Atlântica
 1415751486 ;a5dbdcec-5a0b-307c-b1d4-a4bffe6bea32;  -18.587000 ;  -39.903000 ;2020-02-19 15:50:00;Brasil;ESPÍRITO SANTO;CONCEIÇÃO DA BARRA;Mata Atlântica
 1415751485 ;33730c86-971d-3f19-a744-139d9bcea57b;  -20.593000 ;  -41.742000 ;2020-02-19 15:50:00;Brasil;ESPÍRITO SANTO;DIVINO DE SÃO LOURENÇO;Mata Atlântica
 1415751484 ;4c087faf-d679-3a42-8284-0a258c1e0ae0;  -18.601000 ;  -39.901000 ;2020-02-19 15:50:00;Brasil;ESPÍRITO SANTO;CONCEIÇÃO DA BARRA;Mata Atlântica
 1415965382 ;a86351ec-4823-397a-a2cf-87b0fdcec628;  -17.937000 ;  -40.342000 ;2020-02-22 16:25:00;Brasil;ESPÍRITO SANTO;MONTANHA;Mata Atlântica
 1415965376 ;c68e30f6-9bed-364b-a239-7e9f7366338b;  -20.846000 ;  -41.123000 ;2020-02-22 16:20:00;Brasil;ESPÍRITO SANTO;CACHOEIRO DE ITAPEMIRIM;Mata Atlântica
 1417545797 ;5fdff930-a147-31fd-a459-362a6555f5c3;  -20.407000 ;  -41.092000 ;2020-03-16 16:30:00;Brasil;ESPÍRITO SANTO;VENDA NOVA DO IMIGRANTE;Mata Atlântica
 1417545801 ;a5a127c0-fe60-3c4f-81b8-df2f67fd1f77;  -20.271000 ;  -40.846000 ;2020-03-16 16:30:00;Brasil;ESPÍRITO SANTO;DOMINGOS MARTINS;Mata Atlântica
 1417545806 ;1da61b9f-97ad-3a0c-b505-e61495c5c9e3;  -20.443000 ;  -41.086000 ;2020-03-16 16:30:00;Brasil;ESPÍRITO SANTO;CASTELO;Mata Atlântica
 1417545802 ;fdbf57ac-ae34-3c8c-8145-cf6401e89f3c;  -20.272000 ;  -40.856000 ;2020-03-16 16:30:00;Brasil;ESPÍRITO SANTO;DOMINGOS MARTINS;Mata Atlântica
 1418753003 ;01faa7b6-e656-3d43-a9a9-cee7d4659adf;  -20.032000 ;  -40.818000 ;2020-04-01 16:30:00;Brasil;ESPÍRITO SANTO;SANTA MARIA DE JETIBÁ;Mata Atlântica
 1418567517 ;7fa5b9f8-2941-366f-af02-20f930367c1e;  -21.180000 ;  -40.972000 ;2020-03-30 16:40:00;Brasil;ESPÍRITO SANTO;PRESIDENTE KENNEDY;Mata Atlântica
 1418567516 ;51f61b8f-1e07-303f-b27a-1b938a4dc4ed;  -21.178000 ;  -40.961000 ;2020-03-30 16:40:00;Brasil;ESPÍRITO SANTO;PRESIDENTE KENNEDY;Mata Atlântica
 1419938901 ;58f2e139-7d6d-33e9-b59f-cd4e683b2f34;  -19.859000 ;  -40.487000 ;2020-04-19 16:15:00;Brasil;ESPÍRITO SANTO;FUNDÃO;Mata Atlântica
 1419938900 ;4e3f4b80-ee18-30c3-9f3f-f2bfabe957bd;  -19.861000 ;  -40.498000 ;2020-04-19 16:15:00;Brasil;ESPÍRITO SANTO;FUNDÃO;Mata Atlântica
 1420241614 ;41ef0c1a-10d6-330d-be80-e31978c3f039;  -18.778000 ;  -40.055000 ;2020-04-26 16:25:00;Brasil;ESPÍRITO SANTO;SÃO MATEUS;Mata Atlântica
 1420144065 ;c4cfca96-a742-3b0c-8982-de31d00e3977;  -20.276000 ;  -40.675000 ;2020-04-22 16:45:00;Brasil;ESPÍRITO SANTO;DOMINGOS MARTINS;Mata Atlântica
 1420731120 ;fcdacd71-d8ee-3d09-a925-e539916f7ace;  -18.389000 ;  -39.885000 ;2020-05-03 16:30:00;Brasil;ESPÍRITO SANTO;CONCEIÇÃO DA BARRA;Mata Atlântica
 1420819517 ;8a13eda9-9275-367a-b8fe-e1120f38e57c;  -19.873000 ;  -40.171000 ;2020-05-05 16:15:00;Brasil;ESPÍRITO SANTO;ARACRUZ;Mata Atlântica
 1420819516 ;b919ed3e-de6f-39bd-acab-fa7dc4a8c308;  -19.723000 ;  -40.052000 ;2020-05-05 16:15:00;Brasil;ESPÍRITO SANTO;ARACRUZ;Mata Atlântica
 1421129525 ;b9aa8dc4-55a3-3939-8765-99bbba2084a4;  -20.467000 ;  -41.575000 ;2020-05-12 16:20:00;Brasil;ESPÍRITO SANTO;MUNIZ FREIRE;Mata Atlântica
 1421129524 ;e58b01a2-25b6-3792-9a86-dac5fd9862b1;  -19.451000 ;  -40.120000 ;2020-05-12 16:25:00;Brasil;ESPÍRITO SANTO;LINHARES;Mata Atlântica
 1421129735 ;d470a429-3609-3971-8aa0-d1cd274ad9be;  -18.703000 ;  -39.830000 ;2020-05-12 16:25:00;Brasil;ESPÍRITO SANTO;SÃO MATEUS;Mata Atlântica
 1420480406 ;2879ed90-c02b-3730-be31-24239d10ea25;  -18.344000 ;  -40.327000 ;2020-04-28 16:10:00;Brasil;ESPÍRITO SANTO;PINHEIROS;Mata Atlântica
 1420480409 ;9255881e-d088-34cb-a0ca-dac71531c514;  -19.199000 ;  -40.281000 ;2020-04-28 16:10:00;Brasil;ESPÍRITO SANTO;RIO BANANAL;Mata Atlântica
 1421213736 ;69a4934a-c513-3305-b791-d2e3e89f8330;  -19.068000 ;  -40.108000 ;2020-05-14 16:10:00;Brasil;ESPÍRITO SANTO;SOORETAMA;Mata Atlântica
 1422453706 ;b1f63455-4128-3bb0-8ecb-a05f193c2f59;  -18.980000 ;  -40.259000 ;2020-06-09 16:45:00;Brasil;ESPÍRITO SANTO;VILA VALÉRIO;Mata Atlântica
 1422453707 ;7420ab40-cc60-3bfe-bedf-06b285ab6917;  -18.981000 ;  -40.249000 ;2020-06-09 16:45:00;Brasil;ESPÍRITO SANTO;VILA VALÉRIO;Mata Atlântica
 1422453688 ;0c329339-78e4-3fb9-a66c-3345f628a7f1;  -19.137000 ;  -40.153000 ;2020-06-09 16:45:00;Brasil;ESPÍRITO SANTO;SOORETAMA;Mata Atlântica
 1422453689 ;9d52bb16-5331-3648-87ef-5297f1a6ce1a;  -19.197000 ;  -40.100000 ;2020-06-09 16:45:00;Brasil;ESPÍRITO SANTO;SOORETAMA;Mata Atlântica
 1422453699 ;b3d34bd0-383f-3502-8c92-7e23268caf03;  -21.083000 ;  -41.007000 ;2020-06-09 16:45:00;Brasil;ESPÍRITO SANTO;PRESIDENTE KENNEDY;Mata Atlântica
 1422551671 ;c70ebdef-98a4-3b86-a0fd-1d89a6eb8fcc;  -20.114000 ;  -40.902000 ;2020-06-11 16:35:00;Brasil;ESPÍRITO SANTO;SANTA MARIA DE JETIBÁ;Mata Atlântica
 1422551583 ;258e0195-982e-3e6e-86a6-6984b89d8027;  -20.241000 ;  -40.523000 ;2020-06-11 16:35:00;Brasil;ESPÍRITO SANTO;SANTA LEOPOLDINA;Mata Atlântica
 1421856927 ;4d55cd2c-8cac-3eb8-af8b-687b64c2b034;  -18.839000 ;  -40.139000 ;2020-05-28 16:25:00;Brasil;ESPÍRITO SANTO;JAGUARÉ;Mata Atlântica
 1421856553 ;2f7a496e-a3cf-307c-80b0-662c1760f2d4;  -19.217000 ;  -40.477000 ;2020-05-28 16:25:00;Brasil;ESPÍRITO SANTO;GOVERNADOR LINDENBERG;Mata Atlântica
 1421856552 ;1c6cd0f0-49b6-3ba2-82d3-5967304ab8a7;  -19.118000 ;  -40.430000 ;2020-05-28 16:25:00;Brasil;ESPÍRITO SANTO;GOVERNADOR LINDENBERG;Mata Atlântica
 1422098647 ;0311a483-f606-33be-8f47-9f2634502bcd;  -21.142000 ;  -41.091000 ;2020-06-01 16:00:00;Brasil;ESPÍRITO SANTO;PRESIDENTE KENNEDY;Mata Atlântica
 1422319887 ;533089e2-ab36-38fe-ab57-40d6f2ca5897;  -19.047000 ;  -40.254000 ;2020-06-06 16:15:00;Brasil;ESPÍRITO SANTO;SOORETAMA;Mata Atlântica
 1422319889 ;e1fb705f-5122-340b-b966-13b86c19ae09;  -19.272000 ;  -40.247000 ;2020-06-06 16:15:00;Brasil;ESPÍRITO SANTO;RIO BANANAL;Mata Atlântica
 1422232856 ;47a85f7a-d701-3276-8697-2379bed5be73;  -19.057000 ;  -40.420000 ;2020-06-04 16:30:00;Brasil;ESPÍRITO SANTO;VILA VALÉRIO;Mata Atlântica
 1422232855 ;d6f384c6-a71b-36ab-9dcb-45bf2eae2316;  -19.059000 ;  -40.429000 ;2020-06-04 16:30:00;Brasil;ESPÍRITO SANTO;VILA VALÉRIO;Mata Atlântica
 1422232854 ;6dfef0c9-948c-3075-b9dd-27c095b2dd57;  -19.062000 ;  -40.074000 ;2020-06-04 16:30:00;Brasil;ESPÍRITO SANTO;SOORETAMA;Mata Atlântica
 1422232824 ;96c319d3-34f3-39db-a586-c75adbbbca77;  -19.063000 ;  -40.084000 ;2020-06-04 16:30:00;Brasil;ESPÍRITO SANTO;SOORETAMA;Mata Atlântica
 1422232823 ;c7c1cd9c-02f6-3bf9-8679-7f7a2dbfcfed;  -20.159000 ;  -40.854000 ;2020-06-04 16:30:00;Brasil;ESPÍRITO SANTO;SANTA MARIA DE JETIBÁ;Mata Atlântica
 1422232822 ;35b7730c-a4ec-3c36-a7f4-8b30570349a0;  -20.161000 ;  -40.863000 ;2020-06-04 16:30:00;Brasil;ESPÍRITO SANTO;SANTA MARIA DE JETIBÁ;Mata Atlântica
 1422232817 ;de38d9c2-f4df-341d-9065-08f0df881db5;  -20.872000 ;  -41.470000 ;2020-06-04 16:30:00;Brasil;ESPÍRITO SANTO;ALEGRE;Mata Atlântica
 1422232816 ;c864f38b-fe2d-33c6-8a7c-4d87b7b31152;  -20.881000 ;  -41.469000 ;2020-06-04 16:30:00;Brasil;ESPÍRITO SANTO;ALEGRE;Mata Atlântica
 1422141098 ;bba6d7df-d351-3e39-8452-8161aafa2a02;  -18.509000 ;  -40.408000 ;2020-06-02 16:40:00;Brasil;ESPÍRITO SANTO;BOA ESPERANÇA;Mata Atlântica
 1422141097 ;c4f9edc6-2fa9-37de-9f5e-7668235bb722;  -19.119000 ;  -40.431000 ;2020-06-02 16:40:00;Brasil;ESPÍRITO SANTO;GOVERNADOR LINDENBERG;Mata Atlântica
 1422141096 ;3e45b169-6e31-3ab9-8c70-f4d8d8228352;  -19.121000 ;  -40.443000 ;2020-06-02 16:40:00;Brasil;ESPÍRITO SANTO;GOVERNADOR LINDENBERG;Mata Atlântica
 1422141095 ;00cfefd0-3460-38d3-927a-f333b5d725dc;  -19.125000 ;  -40.424000 ;2020-06-02 16:40:00;Brasil;ESPÍRITO SANTO;GOVERNADOR LINDENBERG;Mata Atlântica
 1422141094 ;934fe681-162c-3c5d-ab96-b8fe65364127;  -19.127000 ;  -40.437000 ;2020-06-02 16:40:00;Brasil;ESPÍRITO SANTO;GOVERNADOR LINDENBERG;Mata Atlântica
 1422141092 ;e31be14e-5690-3997-a7e7-2886a3782294;  -19.630000 ;  -40.232000 ;2020-06-02 16:40:00;Brasil;ESPÍRITO SANTO;ARACRUZ;Mata Atlântica
 1422141091 ;8216e30b-6238-36dd-8909-4e9c6e89ab25;  -19.850000 ;  -40.519000 ;2020-06-02 16:40:00;Brasil;ESPÍRITO SANTO;SANTA TERESA;Mata Atlântica
 1422141090 ;391a8729-e09f-3005-b1f9-fa92354b1e99;  -19.852000 ;  -40.532000 ;2020-06-02 16:40:00;Brasil;ESPÍRITO SANTO;SANTA TERESA;Mata Atlântica
 1422656188 ;658c3cb4-0b29-3668-ac6e-ffad9cc6616c;  -18.480000 ;  -39.771000 ;2020-06-13 16:25:00;Brasil;ESPÍRITO SANTO;CONCEIÇÃO DA BARRA;Mata Atlântica
 1422656187 ;fb2dc4cf-c7f6-33cd-9bbb-625360c3baa3;  -18.572000 ;  -40.162000 ;2020-06-13 16:25:00;Brasil;ESPÍRITO SANTO;SÃO MATEUS;Mata Atlântica
 1422656186 ;679924aa-8609-314b-bf15-caa578715326;  -18.912000 ;  -40.491000 ;2020-06-13 16:25:00;Brasil;ESPÍRITO SANTO;SÃO GABRIEL DA PALHA;Mata Atlântica
 1422656185 ;0c9bf13c-d8eb-3464-96d8-ab1b4124a939;  -19.201000 ;  -40.059000 ;2020-06-13 16:25:00;Brasil;ESPÍRITO SANTO;SOORETAMA;Mata Atlântica
 1422656184 ;cda3d684-330a-3042-8db3-2169966fae1f;  -19.203000 ;  -40.069000 ;2020-06-13 16:25:00;Brasil;ESPÍRITO SANTO;SOORETAMA;Mata Atlântica
 1422656183 ;3b3fba8a-e226-3aa5-b028-42a92238e82a;  -19.582000 ;  -40.219000 ;2020-06-13 16:25:00;Brasil;ESPÍRITO SANTO;LINHARES;Mata Atlântica
 1422656182 ;6cb412a8-b4b4-3ecc-83b4-e8d14e948d10;  -19.587000 ;  -40.120000 ;2020-06-13 16:25:00;Brasil;ESPÍRITO SANTO;ARACRUZ;Mata Atlântica
 1422656181 ;ff6dfcd5-06e1-30f8-99a4-a15f93875cdb;  -19.665000 ;  -40.230000 ;2020-06-13 16:25:00;Brasil;ESPÍRITO SANTO;ARACRUZ;Mata Atlântica
